{"sex=M": 0.0029965456035275957, "status=Married": 0.008191948301396556, "relation=Husband": 0.005848193294379629, "age=>47": 0.00208861404148524, "age=(37-47]": 0.002431593171639453, "hoursXW=>45": 0.004859163337817021, "edu=Bachelors": 0.0031317468985124766, "occup=Prof": 0.002285158785648853, "occup=White-Collar": 0.002529906160837891, "hoursXW=(40-45]": 0.0024087014258078474, "workcl=Local-gov": 0.001373583078619878, "edu=Masters": 0.0030371055339299025}