{"sex=M": 0.3657915667041926, "status=Married": 1.0, "relation=Husband": 0.7138952883018846, "age=>47": 0.2549593777501226, "age=(37-47]": 0.29682721157125924, "hoursXW=>45": 0.5931633305093778, "edu=Bachelors": 0.38229573518897564, "occup=Prof": 0.2789518075033849, "occup=White-Collar": 0.30882838462330076, "hoursXW=(40-45]": 0.2940327913687168, "workcl=Local-gov": 0.16767477382464813, "edu=Masters": 0.37074276132969974}