{"sex=M": 0.19839507887137703, "status=Married": 0.8548688593340351, "relation=Husband": 0.8394216485876385, "age=>47": 0.32055466835166774, "age=(37-47]": 0.3585196990266572, "hoursXW=>45": 0.5745648782176254, "edu=Bachelors": 0.5540805607932884, "occup=Prof": 0.6017524138165176, "occup=White-Collar": 0.6947507715650839, "hoursXW=(40-45]": 0.3592341534582531, "workcl=Local-gov": 0.22725231236445737, "edu=Masters": 1.0}