{"sex=M": 0.03006035284364629, "status=Married": 0.12952770649763323, "relation=Husband": 0.12718718168155202, "age=>47": 0.048569684747958516, "age=(37-47]": 0.05432205635063282, "hoursXW=>45": 0.08705671062529717, "edu=Bachelors": 0.0839529753258141, "occup=Prof": 0.09117610167925443, "occup=White-Collar": 0.10526699276236422, "hoursXW=(40-45]": 0.05443030879533385, "workcl=Local-gov": 0.03443273257114886, "edu=Masters": 0.1515176334748451}